id,column_id,serial_number,model_type,building_type,status,date_of_install,date_of_inspect,inspect_certificate,information,notes
1,1,WUADUAFG5CN299026,Standard,Corporate,Active,2017/06/22,2018/07/05,63-BF-09-DF-81-58,"Vestibulum ante ipsum primis in faucibus orci luctus et ultrices posuere cubilia Curae; Nulla dapibus dolor vel est. Donec odio justo, sollicitudin ut, suscipit a, feugiat et, eros.","Cras mi pede, malesuada in, imperdiet et, commodo vulputate, justo. In blandit ultrices enim. Lorem ipsum dolor sit amet, consectetuer adipiscing elit."
2,2,WBAPN7C58AA025379,Excelium,Residential,Active,2017/06/20,2018/02/18,66-9A-8E-DD-B5-73,"Fusce congue, diam id ornare imperdiet, sapien urna pretium nisl, ut volutpat sapien arcu sed augue.",Nulla tellus. In sagittis dui vel nisl.
3,3,WAUDC68D31A303513,Excelium,Commercial,Active,2016/12/11,2018/12/04,95-06-50-75-12-D8,In hac habitasse platea dictumst.,Duis aliquam convallis nunc. Proin at turpis a pede posuere nonummy. Integer non velit.
4,4,1YVHZ8BH3C5292478,Premium,Corporate,Active,2018/02/16,2017/06/02,7B-81-37-F1-A9-D5,"Morbi vel lectus in quam fringilla rhoncus. Mauris enim leo, rhoncus sed, vestibulum sit amet, cursus id, turpis.","Vestibulum ante ipsum primis in faucibus orci luctus et ultrices posuere cubilia Curae; Donec pharetra, magna vestibulum aliquet ultrices, erat tortor sollicitudin mi, sit amet lobortis sapien sapien non mi. Integer ac neque."
5,5,JN8AS5MT5AW671344,Standard,Corporate,Active,2016/06/07,2017/03/11,38-1B-CD-D3-46-5D,Vivamus vestibulum sagittis sapien.,"Praesent lectus. Vestibulum quam sapien, varius ut, blandit non, interdum in, ante."
6,6,WAUEF48H57K824786,Premium,Residential,Active,2016/06/26,2016/05/30,04-E5-84-1A-23-C8,Vestibulum ante ipsum primis in faucibus orci luctus et ultrices posuere cubilia Curae; Duis faucibus accumsan odio. Curabitur convallis.,Aenean auctor gravida sem.
7,7,WBAAZ33454K965194,Premium,Residential,Need Service,2016/05/07,2017/11/02,31-71-67-7E-8F-C4,Fusce consequat. Nulla nisl. Nunc nisl.,Ut tellus. Nulla ut erat id mauris vulputate elementum. Nullam varius.
8,8,WAUSF98E96A850284,Excelium,Corporate,Active,2017/05/18,2018/08/24,A1-73-24-ED-EE-7C,In sagittis dui vel nisl. Duis ac nibh.,"Morbi sem mauris, laoreet ut, rhoncus aliquet, pulvinar sed, nisl. Nunc rhoncus dui vel sem."
9,9,JN8AF5MR7ET644419,Premium,Hybrid,Need Service,2017/06/21,2017/03/23,5D-59-3B-D0-85-AD,"Vestibulum ante ipsum primis in faucibus orci luctus et ultrices posuere cubilia Curae; Donec pharetra, magna vestibulum aliquet ultrices, erat tortor sollicitudin mi, sit amet lobortis sapien sapien non mi.","Morbi vel lectus in quam fringilla rhoncus. Mauris enim leo, rhoncus sed, vestibulum sit amet, cursus id, turpis. Integer aliquet, massa id lobortis convallis, tortor risus dapibus augue, vel accumsan tellus nisi eu orci."
10,10,WBA5M6C52ED030716,Excelium,Hybrid,Need Service,2017/11/10,2018/03/17,00-68-7E-FB-A6-25,"Lorem ipsum dolor sit amet, consectetuer adipiscing elit. Proin interdum mauris non ligula pellentesque ultrices. Phasellus id sapien in sapien iaculis congue.","Donec ut dolor. Morbi vel lectus in quam fringilla rhoncus. Mauris enim leo, rhoncus sed, vestibulum sit amet, cursus id, turpis."
11,11,1FTEW1CM7DF821623,Standard,Hybrid,Active,2016/09/19,2016/06/05,32-64-CC-F8-5F-D3,Vivamus tortor. Duis mattis egestas metus. Aenean fermentum.,"Cras pellentesque volutpat dui. Maecenas tristique, est et tempus semper, est quam pharetra magna, ac consequat metus sapien ut nunc."
12,12,WVGAV7AX6FW068007,Premium,Residential,Active,2017/11/07,2018/01/15,53-A1-F6-82-4A-F2,"Integer pede justo, lacinia eget, tincidunt eget, tempus vel, pede. Morbi porttitor lorem id ligula.",Nulla ut erat id mauris vulputate elementum. Nullam varius.
13,13,JM3TB2MA3A0039843,Standard,Corporate,Active,2018/09/15,2018/10/10,92-CE-ED-CC-42-BC,Aenean sit amet justo.,"Maecenas leo odio, condimentum id, luctus nec, molestie sed, justo. Pellentesque viverra pede ac diam. Cras pellentesque volutpat dui."
14,14,5GAKVBED3CJ289909,Standard,Residential,Active,2019/02/26,2018/01/22,C7-5B-82-38-66-E4,"Aliquam sit amet diam in magna bibendum imperdiet. Nullam orci pede, venenatis non, sodales sed, tincidunt eu, felis.",Vivamus tortor.
15,15,JHMZE2H73ES545352,Premium,Commercial,Active,2016/04/15,2019/01/31,ED-D9-9E-54-49-48,"In sagittis dui vel nisl. Duis ac nibh. Fusce lacus purus, aliquet at, feugiat non, pretium quis, lectus.","Vestibulum quam sapien, varius ut, blandit non, interdum in, ante."
16,16,1FTNX2A50AE630240,Premium,Hybrid,Active,2016/03/18,2017/03/04,5D-A1-6F-6B-D6-34,Quisque porta volutpat erat.,In quis justo. Maecenas rhoncus aliquam lacus. Morbi quis tortor id nulla ultrices aliquet.
17,17,2C3CDYAG7EH027327,Standard,Residential,Active,2018/02/07,2017/06/25,A8-71-48-61-31-EA,Maecenas pulvinar lobortis est. Phasellus sit amet erat.,Integer ac neque.
18,18,3C6JD7DP0CG719068,Excelium,Commercial,Active,2016/01/21,2017/11/01,CC-9D-82-B1-06-2D,Quisque id justo sit amet sapien dignissim vestibulum.,Suspendisse ornare consequat lectus.
19,19,WAUEKAFB6BN896239,Premium,Hybrid,Active,2017/06/26,2016/12/05,38-C8-41-AA-C5-FC,Sed sagittis.,Nulla facilisi.
20,20,4T3BA3BB4FU266194,Standard,Residential,Active,2017/08/22,2017/01/12,69-26-BD-F0-90-A0,In eleifend quam a odio. In hac habitasse platea dictumst. Maecenas ut massa quis augue luctus tincidunt.,"Vestibulum quam sapien, varius ut, blandit non, interdum in, ante."
21,21,5UXFE835X7L332620,Premium,Residential,Active,2018/09/16,2017/04/17,37-B7-14-E9-0A-3A,Curabitur at ipsum ac tellus semper interdum. Mauris ullamcorper purus sit amet nulla.,Nulla nisl.
22,22,WBAYA6C50DC601372,Excelium,Commercial,Active,2018/01/11,2017/04/08,34-E5-EB-46-9A-4F,"Nam ultrices, libero non mattis pulvinar, nulla pede ullamcorper augue, a suscipit nulla elit ac nulla. Sed vel enim sit amet nunc viverra dapibus.",Morbi a ipsum.
23,23,1G6DL8EV2A0213760,Standard,Commercial,Active,2018/08/17,2018/06/06,6F-69-E2-B9-A9-F5,"Donec ut dolor. Morbi vel lectus in quam fringilla rhoncus. Mauris enim leo, rhoncus sed, vestibulum sit amet, cursus id, turpis.","Maecenas tristique, est et tempus semper, est quam pharetra magna, ac consequat metus sapien ut nunc. Vestibulum ante ipsum primis in faucibus orci luctus et ultrices posuere cubilia Curae; Mauris viverra diam vitae quam."
24,24,WBA3T1C55EP009967,Standard,Commercial,Active,2018/08/04,2018/04/21,AD-4B-05-F2-EF-FC,Pellentesque at nulla.,Vestibulum rutrum rutrum neque. Aenean auctor gravida sem.
25,25,3D73Y4CL4AG947547,Premium,Residential,Active,2016/03/17,2016/09/20,8D-A1-46-C1-75-43,Integer tincidunt ante vel ipsum. Praesent blandit lacinia erat.,Cras non velit nec nisi vulputate nonummy. Maecenas tincidunt lacus at velit. Vivamus vel nulla eget eros elementum pellentesque.
26,26,1FTWW3B56AE242800,Standard,Residential,Active,2016/08/20,2017/11/27,B6-CE-CC-AC-65-8A,"Vivamus metus arcu, adipiscing molestie, hendrerit at, vulputate vitae, nisl.","Nulla nisl. Nunc nisl. Duis bibendum, felis sed interdum venenatis, turpis enim blandit mi, in porttitor pede justo eu massa."
27,27,WBALM7C56BE315096,Excelium,Corporate,Active,2018/08/18,2018/04/23,89-1E-F7-EB-94-4F,Vivamus vel nulla eget eros elementum pellentesque.,Morbi a ipsum.
28,28,TRUTC28N361789169,Excelium,Corporate,Inactive,2017/04/12,2018/09/25,08-B0-80-04-C2-75,"Fusce lacus purus, aliquet at, feugiat non, pretium quis, lectus.",Vivamus vel nulla eget eros elementum pellentesque.
29,29,1GYS4KEF8DR635968,Standard,Residential,Active,2019/02/28,2017/02/22,5C-01-95-E1-15-71,Morbi non lectus.,Ut at dolor quis odio consequat varius. Integer ac leo.
30,30,JN8AE2KP9E9171509,Excelium,Hybrid,Active,2018/01/02,2017/09/05,34-DD-16-D5-64-E8,"In blandit ultrices enim. Lorem ipsum dolor sit amet, consectetuer adipiscing elit. Proin interdum mauris non ligula pellentesque ultrices.",Aenean auctor gravida sem. Praesent id massa id nisl venenatis lacinia. Aenean sit amet justo.
31,31,1FBNE3BL1AD009785,Excelium,Corporate,Active,2017/06/08,2018/02/08,12-83-E8-88-0B-0E,"Nam ultrices, libero non mattis pulvinar, nulla pede ullamcorper augue, a suscipit nulla elit ac nulla.","Fusce congue, diam id ornare imperdiet, sapien urna pretium nisl, ut volutpat sapien arcu sed augue."
32,32,3VWJX7AJ3AM892692,Excelium,Corporate,Active,2018/05/23,2017/03/08,42-83-CD-D4-3F-2F,Maecenas rhoncus aliquam lacus. Morbi quis tortor id nulla ultrices aliquet.,Proin interdum mauris non ligula pellentesque ultrices. Phasellus id sapien in sapien iaculis congue.
33,33,JA32U2FU8DU942023,Excelium,Hybrid,Active,2016/03/05,2018/04/18,10-8E-3D-46-1B-1F,"Morbi sem mauris, laoreet ut, rhoncus aliquet, pulvinar sed, nisl. Nunc rhoncus dui vel sem.",Cras non velit nec nisi vulputate nonummy.
34,34,JTEBU5JRXE5147262,Standard,Hybrid,Active,2018/05/09,2016/09/19,31-28-44-DC-E0-12,In hac habitasse platea dictumst.,Sed ante.
35,35,3VW8S7AT9FM020037,Standard,Commercial,Active,2018/04/25,2016/07/22,32-10-0D-2B-1D-F6,Duis aliquam convallis nunc. Proin at turpis a pede posuere nonummy.,"Curabitur in libero ut massa volutpat convallis. Morbi odio odio, elementum eu, interdum eu, tincidunt in, leo."
36,36,JH4CU2E65BC720713,Premium,Corporate,Active,2017/03/03,2016/01/06,5C-BA-7B-F1-1A-4D,Duis bibendum. Morbi non quam nec dui luctus rutrum.,Nunc purus.
37,37,19UUA56722A268935,Excelium,Hybrid,Active,2019/02/14,2017/09/10,C8-91-1F-91-31-43,"Nullam orci pede, venenatis non, sodales sed, tincidunt eu, felis. Fusce posuere felis sed lacus.",Nam tristique tortor eu pede.
38,38,SCFFDCCD9CG395730,Standard,Residential,Active,2016/02/26,2016/08/15,8D-ED-BB-AE-2A-76,Vivamus tortor. Duis mattis egestas metus.,Cras non velit nec nisi vulputate nonummy.
39,39,WBAGN63565D308569,Premium,Corporate,Active,2016/05/08,2016/02/10,14-C5-A8-DE-A6-7B,Vivamus vestibulum sagittis sapien.,In quis justo. Maecenas rhoncus aliquam lacus. Morbi quis tortor id nulla ultrices aliquet.
40,40,1GTN1TEH2EZ929497,Excelium,Corporate,Need Service,2019/02/19,2018/11/30,C2-66-7D-2D-4F-0F,Morbi non quam nec dui luctus rutrum.,Aliquam quis turpis eget elit sodales scelerisque. Mauris sit amet eros.
41,41,5GADT13S642574108,Excelium,Hybrid,Active,2017/11/17,2017/10/18,89-6A-3D-A0-C4-38,Morbi a ipsum. Integer a nibh.,Integer a nibh. In quis justo.
42,42,4A31K5DF6CE262801,Excelium,Residential,Active,2018/03/02,2017/08/21,76-80-65-55-BC-A6,Sed ante. Vivamus tortor.,"Lorem ipsum dolor sit amet, consectetuer adipiscing elit."
43,43,1FTEX1EW5AF569622,Excelium,Hybrid,Active,2018/06/28,2017/07/28,8B-13-D1-16-18-0C,Nullam sit amet turpis elementum ligula vehicula consequat.,Phasellus id sapien in sapien iaculis congue.
44,44,1G4GJ5E3XDF482518,Premium,Residential,Active,2016/06/23,2017/03/27,59-91-EF-E4-7C-06,"Cras pellentesque volutpat dui. Maecenas tristique, est et tempus semper, est quam pharetra magna, ac consequat metus sapien ut nunc. Vestibulum ante ipsum primis in faucibus orci luctus et ultrices posuere cubilia Curae; Mauris viverra diam vitae quam.",Proin risus. Praesent lectus.
45,45,1GYUCEEJ8AR154440,Standard,Corporate,Active,2017/11/02,2016/12/24,25-29-5D-59-CD-9A,"Nullam orci pede, venenatis non, sodales sed, tincidunt eu, felis. Fusce posuere felis sed lacus. Morbi sem mauris, laoreet ut, rhoncus aliquet, pulvinar sed, nisl.",Ut tellus. Nulla ut erat id mauris vulputate elementum. Nullam varius.
46,46,3D4PG5FV5AT925309,Excelium,Residential,Active,2016/05/08,2018/07/31,7B-12-B5-06-A3-3F,"In est risus, auctor sed, tristique in, tempus sit amet, sem.",In hac habitasse platea dictumst.
47,47,WUAAU34259N927892,Standard,Residential,Active,2016/03/04,2018/10/03,AC-5F-2F-3E-6F-A3,Proin risus.,Suspendisse potenti.
48,48,1GTN2TEH6FZ887236,Excelium,Residential,Active,2018/11/12,2019/03/06,E6-E4-DC-35-CA-15,Praesent blandit lacinia erat.,Etiam pretium iaculis justo.
49,49,5UXFE43539L919737,Premium,Hybrid,Need Service,2016/12/19,2018/04/27,7F-EE-18-57-F3-F7,"Proin leo odio, porttitor id, consequat in, consequat ut, nulla.","Donec odio justo, sollicitudin ut, suscipit a, feugiat et, eros. Vestibulum ac est lacinia nisi venenatis tristique."
50,50,WAUJT68E22A307789,Excelium,Corporate,Active,2017/10/23,2016/08/05,46-E6-36-38-F7-9A,Phasellus sit amet erat. Nulla tempus.,Praesent id massa id nisl venenatis lacinia. Aenean sit amet justo. Morbi ut odio.
51,51,WA1TFAFL2EA051997,Premium,Corporate,Active,2016/04/05,2016/11/24,F7-84-D7-80-2D-93,"Nam nulla. Integer pede justo, lacinia eget, tincidunt eget, tempus vel, pede. Morbi porttitor lorem id ligula.","Praesent lectus. Vestibulum quam sapien, varius ut, blandit non, interdum in, ante. Vestibulum ante ipsum primis in faucibus orci luctus et ultrices posuere cubilia Curae; Duis faucibus accumsan odio."
52,52,1G6AJ5SX4E0903982,Standard,Commercial,Inactive,2017/01/03,2018/12/21,B5-25-B0-77-C5-94,"Vestibulum ante ipsum primis in faucibus orci luctus et ultrices posuere cubilia Curae; Nulla dapibus dolor vel est. Donec odio justo, sollicitudin ut, suscipit a, feugiat et, eros. Vestibulum ac est lacinia nisi venenatis tristique.",Nam nulla.
53,53,WVGEF9BP7ED901767,Excelium,Hybrid,Need Service,2017/06/02,2017/06/25,73-CF-5F-CD-27-63,Nullam sit amet turpis elementum ligula vehicula consequat. Morbi a ipsum. Integer a nibh.,Vestibulum ante ipsum primis in faucibus orci luctus et ultrices posuere cubilia Curae; Duis faucibus accumsan odio. Curabitur convallis. Duis consequat dui nec nisi volutpat eleifend.
54,54,1D7RB1GT3BS220222,Premium,Commercial,Need Service,2016/04/17,2018/09/11,95-E7-05-DC-58-68,Etiam vel augue. Vestibulum rutrum rutrum neque. Aenean auctor gravida sem.,Duis mattis egestas metus.
55,55,KNADM5A37E6169798,Premium,Corporate,Active,2017/02/28,2018/07/23,A5-A8-D8-79-5F-B7,Maecenas pulvinar lobortis est. Phasellus sit amet erat.,Vestibulum ante ipsum primis in faucibus orci luctus et ultrices posuere cubilia Curae; Duis faucibus accumsan odio. Curabitur convallis.
56,56,NM0AE8F75F1649110,Excelium,Commercial,Need Service,2016/08/06,2017/01/11,03-3F-46-C5-42-86,Nullam molestie nibh in lectus. Pellentesque at nulla.,"Cum sociis natoque penatibus et magnis dis parturient montes, nascetur ridiculus mus."
57,57,WAUDF78E56A261102,Standard,Residential,Active,2017/04/24,2017/09/28,56-92-AD-32-49-25,Vestibulum rutrum rutrum neque. Aenean auctor gravida sem.,Ut tellus.
58,58,1G6AE5SX1F0612524,Standard,Commercial,Active,2018/11/01,2018/01/06,45-E7-72-10-10-14,Cras non velit nec nisi vulputate nonummy.,Mauris sit amet eros.
59,59,WBABS53472E449998,Standard,Corporate,Active,2017/08/06,2017/08/23,5D-83-62-90-1A-2B,"Vivamus vestibulum sagittis sapien. Cum sociis natoque penatibus et magnis dis parturient montes, nascetur ridiculus mus.",Suspendisse accumsan tortor quis turpis.
60,60,WBAPK5C50AA097626,Excelium,Corporate,Active,2016/05/19,2018/09/26,53-F6-44-04-28-EB,"Fusce congue, diam id ornare imperdiet, sapien urna pretium nisl, ut volutpat sapien arcu sed augue. Aliquam erat volutpat.",In congue. Etiam justo. Etiam pretium iaculis justo.
61,61,1G6AE5SX2D0460220,Excelium,Corporate,Active,2017/02/06,2016/05/16,5C-05-CF-BE-CA-E1,Aenean lectus.,"Nunc rhoncus dui vel sem. Sed sagittis. Nam congue, risus semper porta volutpat, quam pede lobortis ligula, sit amet eleifend pede libero quis orci."
62,62,JN1CV6AP9BM745793,Excelium,Residential,Active,2019/02/24,2018/06/04,0F-60-BC-16-DD-10,Donec ut dolor. Morbi vel lectus in quam fringilla rhoncus.,Integer tincidunt ante vel ipsum.
63,63,WAUDF78E16A700988,Standard,Corporate,Need Service,2017/03/01,2016/07/14,7A-24-A1-C1-BE-90,"Morbi quis tortor id nulla ultrices aliquet. Maecenas leo odio, condimentum id, luctus nec, molestie sed, justo.","Lorem ipsum dolor sit amet, consectetuer adipiscing elit."
64,64,WAUMF98K89A557057,Excelium,Hybrid,Active,2018/12/08,2017/04/17,28-84-54-6D-81-D2,"Nulla neque libero, convallis eget, eleifend luctus, ultricies eu, nibh. Quisque id justo sit amet sapien dignissim vestibulum.",In hac habitasse platea dictumst. Etiam faucibus cursus urna.
65,65,1C3CDZEG9CN834596,Excelium,Residential,Need Service,2018/08/20,2017/01/25,0A-06-BD-3E-B1-25,Pellentesque viverra pede ac diam.,Nulla ut erat id mauris vulputate elementum. Nullam varius. Nulla facilisi.
66,66,WA1C8AFPXDA811315,Premium,Hybrid,Active,2018/11/30,2017/05/06,61-5D-6D-4C-C0-DA,Duis aliquam convallis nunc. Proin at turpis a pede posuere nonummy.,Morbi a ipsum. Integer a nibh.
67,67,1G6DW67V690520272,Premium,Hybrid,Need Service,2016/02/15,2018/12/22,CE-5B-A5-8B-52-7F,Nulla suscipit ligula in lacus. Curabitur at ipsum ac tellus semper interdum.,"Fusce congue, diam id ornare imperdiet, sapien urna pretium nisl, ut volutpat sapien arcu sed augue. Aliquam erat volutpat. In congue."
68,68,3C3CFFCR1FT427826,Premium,Corporate,Active,2016/07/06,2016/10/19,77-FC-ED-AF-19-CB,In hac habitasse platea dictumst.,"Vestibulum quam sapien, varius ut, blandit non, interdum in, ante. Vestibulum ante ipsum primis in faucibus orci luctus et ultrices posuere cubilia Curae; Duis faucibus accumsan odio. Curabitur convallis."
69,69,WDDGF4HB5DA292163,Excelium,Commercial,Active,2017/09/30,2019/01/19,82-C7-E5-96-F7-71,Sed vel enim sit amet nunc viverra dapibus. Nulla suscipit ligula in lacus.,Nulla mollis molestie lorem. Quisque ut erat. Curabitur gravida nisi at nibh.
70,70,JN8BS1MW4DM921454,Excelium,Commercial,Need Service,2017/09/24,2018/08/20,74-80-81-3B-60-6A,Nulla tellus. In sagittis dui vel nisl.,Nullam porttitor lacus at turpis. Donec posuere metus vitae ipsum. Aliquam non mauris.
71,71,1G6DA67V090261065,Premium,Commercial,Need Service,2016/06/04,2017/09/03,CE-E4-A2-7B-5B-C1,"Integer pede justo, lacinia eget, tincidunt eget, tempus vel, pede. Morbi porttitor lorem id ligula.",Nam dui.
72,72,3C4PDCAB3CT609143,Standard,Commercial,Active,2018/06/22,2016/08/20,28-42-AD-FA-4C-5B,"Quisque erat eros, viverra eget, congue eget, semper rutrum, nulla.",Etiam faucibus cursus urna.
73,73,JH4KC1F3XEC734530,Premium,Commercial,Active,2016/09/10,2016/08/15,F9-66-B6-B0-C7-80,Donec ut dolor. Morbi vel lectus in quam fringilla rhoncus.,Mauris lacinia sapien quis libero.
74,74,1N6BF0KL0FN377290,Excelium,Corporate,Active,2017/01/27,2016/04/09,3A-B0-0B-25-A4-97,"Morbi non lectus. Aliquam sit amet diam in magna bibendum imperdiet. Nullam orci pede, venenatis non, sodales sed, tincidunt eu, felis.","Vivamus metus arcu, adipiscing molestie, hendrerit at, vulputate vitae, nisl. Aenean lectus. Pellentesque eget nunc."
75,75,1FTEX1CW6AK283126,Excelium,Hybrid,Active,2016/06/25,2016/07/21,59-16-32-D2-89-28,"Maecenas tristique, est et tempus semper, est quam pharetra magna, ac consequat metus sapien ut nunc.","Suspendisse ornare consequat lectus. In est risus, auctor sed, tristique in, tempus sit amet, sem."
76,76,JTDKN3DU7A0466132,Standard,Commercial,Need Service,2019/01/20,2016/10/10,DD-B2-2E-11-6C-CB,"Curabitur gravida nisi at nibh. In hac habitasse platea dictumst. Aliquam augue quam, sollicitudin vitae, consectetuer eget, rutrum at, lorem.",Fusce consequat. Nulla nisl. Nunc nisl.
77,77,WBAEW53435P939736,Standard,Corporate,Active,2016/10/06,2016/12/17,B9-A8-57-05-62-D9,Cras in purus eu magna vulputate luctus.,"Proin risus. Praesent lectus. Vestibulum quam sapien, varius ut, blandit non, interdum in, ante."
78,78,JH4DC53863S804835,Excelium,Corporate,Active,2018/06/20,2018/04/05,65-6F-B9-63-3C-40,Proin eu mi. Nulla ac enim.,"Donec odio justo, sollicitudin ut, suscipit a, feugiat et, eros."
79,79,WBABD33495J092396,Premium,Hybrid,Active,2016/02/19,2018/06/27,29-52-72-77-68-23,Nullam porttitor lacus at turpis. Donec posuere metus vitae ipsum.,Nulla facilisi.
80,80,1C6RD6JT6CS109926,Excelium,Hybrid,Need Service,2019/01/03,2016/07/17,90-17-23-88-1B-48,Vivamus in felis eu sapien cursus vestibulum. Proin eu mi. Nulla ac enim.,"Nulla neque libero, convallis eget, eleifend luctus, ultricies eu, nibh."
81,81,WAULC68EX5A191724,Excelium,Residential,Need Service,2019/02/25,2016/05/28,C5-66-8B-99-45-04,Ut tellus.,Curabitur in libero ut massa volutpat convallis.
82,82,SCBLC31E32C878199,Premium,Residential,Active,2017/05/15,2016/06/11,B9-80-85-2D-A8-8F,"Donec vitae nisi. Nam ultrices, libero non mattis pulvinar, nulla pede ullamcorper augue, a suscipit nulla elit ac nulla.",Cras in purus eu magna vulputate luctus.
83,83,1B3CB1HA0BD861167,Excelium,Residential,Active,2016/12/06,2016/12/06,2D-45-F3-E4-69-A3,Nullam sit amet turpis elementum ligula vehicula consequat. Morbi a ipsum. Integer a nibh.,"Nam congue, risus semper porta volutpat, quam pede lobortis ligula, sit amet eleifend pede libero quis orci. Nullam molestie nibh in lectus. Pellentesque at nulla."
84,84,JH4CL96926C891171,Premium,Hybrid,Active,2018/08/04,2018/06/12,DB-FF-5C-41-2A-E3,Integer non velit.,Maecenas pulvinar lobortis est. Phasellus sit amet erat. Nulla tempus.
85,85,WVWBB7AJ9DW181900,Excelium,Residential,Active,2017/09/24,2017/02/02,20-70-5F-82-C5-2E,In hac habitasse platea dictumst. Maecenas ut massa quis augue luctus tincidunt.,Cras non velit nec nisi vulputate nonummy. Maecenas tincidunt lacus at velit. Vivamus vel nulla eget eros elementum pellentesque.
86,86,JM1DE1KY0D0635639,Excelium,Hybrid,Active,2018/09/03,2017/12/15,5E-A0-3E-5B-8F-6E,Praesent lectus.,Nunc nisl.
87,87,KNAGM4AD0F5225443,Premium,Residential,Active,2016/08/05,2016/11/11,2C-65-53-5F-C7-75,Suspendisse potenti.,"Fusce congue, diam id ornare imperdiet, sapien urna pretium nisl, ut volutpat sapien arcu sed augue."
88,88,WBAEB5C52AC412731,Premium,Commercial,Active,2018/07/26,2018/03/22,B6-EA-D4-42-ED-11,"Quisque arcu libero, rutrum ac, lobortis vel, dapibus at, diam.",Praesent blandit. Nam nulla.
89,89,JN8AZ2KR3CT978775,Excelium,Hybrid,Active,2018/09/11,2016/10/28,F8-E1-92-BE-CD-DF,"Suspendisse ornare consequat lectus. In est risus, auctor sed, tristique in, tempus sit amet, sem. Fusce consequat.",Vivamus tortor.
90,90,2G4WC582571180882,Standard,Hybrid,Active,2018/06/11,2019/01/13,D3-4D-33-F5-F8-EB,Nullam porttitor lacus at turpis. Donec posuere metus vitae ipsum. Aliquam non mauris.,Vestibulum sed magna at nunc commodo placerat.
91,91,1N6AA0EC8FN234819,Standard,Commercial,Active,2017/09/07,2016/09/07,BF-E7-DD-7D-3A-56,Maecenas pulvinar lobortis est. Phasellus sit amet erat.,"In tempor, turpis nec euismod scelerisque, quam turpis adipiscing lorem, vitae mattis nibh ligula nec sem."
92,92,WVGAV7AX8CW790235,Premium,Commercial,Active,2016/05/28,2016/03/22,DA-F1-2B-FD-DE-64,Mauris sit amet eros.,Integer non velit.
93,93,JN1BY0AP0AM613648,Premium,Corporate,Active,2018/06/17,2018/11/18,F6-1C-2D-E0-21-CB,Aliquam quis turpis eget elit sodales scelerisque. Mauris sit amet eros.,Morbi non quam nec dui luctus rutrum.
94,94,WBALZ5C51CC209576,Premium,Hybrid,Need Service,2018/02/06,2018/03/17,13-62-D8-69-EC-B2,Nullam sit amet turpis elementum ligula vehicula consequat. Morbi a ipsum. Integer a nibh.,"In hac habitasse platea dictumst. Morbi vestibulum, velit id pretium iaculis, diam erat fermentum justo, nec condimentum neque sapien placerat ante. Nulla justo."
95,95,1FTEX1CM6BK389706,Premium,Residential,Inactive,2017/06/02,2019/02/23,5A-07-E3-21-D1-68,Praesent blandit.,Donec ut dolor.
96,96,19UUA56812A307961,Excelium,Hybrid,Active,2017/03/31,2016/12/05,C5-17-E9-D4-5E-88,In congue. Etiam justo. Etiam pretium iaculis justo.,Aenean lectus. Pellentesque eget nunc. Donec quis orci eget orci vehicula condimentum.
97,97,3N1AB6AP0BL389356,Premium,Corporate,Active,2018/03/02,2016/01/22,89-EA-5C-17-2E-13,"Aliquam augue quam, sollicitudin vitae, consectetuer eget, rutrum at, lorem. Integer tincidunt ante vel ipsum.",Donec semper sapien a libero. Nam dui.
98,98,1G6DE5EY4B0385227,Standard,Hybrid,Active,2016/05/31,2018/09/21,58-95-E4-E4-39-CC,Nulla ut erat id mauris vulputate elementum. Nullam varius. Nulla facilisi.,"Cum sociis natoque penatibus et magnis dis parturient montes, nascetur ridiculus mus. Etiam vel augue."
99,99,3C3CFFCR9FT579465,Excelium,Corporate,Need Service,2018/08/15,2018/12/11,1B-61-4D-CC-88-83,"Duis bibendum, felis sed interdum venenatis, turpis enim blandit mi, in porttitor pede justo eu massa. Donec dapibus.",Aenean lectus.
100,100,WAUTFAFH6AN987574,Standard,Residential,Active,2019/01/01,2016/12/22,4E-0A-93-CD-D1-63,"Donec diam neque, vestibulum eget, vulputate ut, ultrices vel, augue.","Aliquam augue quam, sollicitudin vitae, consectetuer eget, rutrum at, lorem. Integer tincidunt ante vel ipsum."
101,101,SALVP2BG7FH460881,Excelium,Hybrid,Active,2017/03/19,2018/02/27,E6-98-EA-5B-05-77,"Morbi odio odio, elementum eu, interdum eu, tincidunt in, leo. Maecenas pulvinar lobortis est.",Integer non velit.
102,102,2C3CDYBT6CH915642,Excelium,Residential,Active,2018/01/30,2017/04/23,E9-29-0D-CB-D7-DD,"Nunc nisl. Duis bibendum, felis sed interdum venenatis, turpis enim blandit mi, in porttitor pede justo eu massa. Donec dapibus.",Cras non velit nec nisi vulputate nonummy. Maecenas tincidunt lacus at velit. Vivamus vel nulla eget eros elementum pellentesque.
103,103,WBAVB77578N599274,Excelium,Hybrid,Active,2019/01/07,2016/03/02,8B-41-27-DD-55-76,Ut at dolor quis odio consequat varius.,Proin risus.
104,104,3VW1K7AJ0DM128804,Standard,Commercial,Active,2016/04/19,2017/08/30,0E-69-04-B5-AA-AB,"Vestibulum quam sapien, varius ut, blandit non, interdum in, ante.",Vestibulum ante ipsum primis in faucibus orci luctus et ultrices posuere cubilia Curae; Duis faucibus accumsan odio. Curabitur convallis.
105,105,JH4KA96573C436858,Premium,Residential,Need Service,2018/06/28,2017/06/20,94-C2-FF-A7-60-4C,"Morbi odio odio, elementum eu, interdum eu, tincidunt in, leo. Maecenas pulvinar lobortis est.",Pellentesque ultrices mattis odio.
106,106,1N6AA0EC8FN474002,Premium,Commercial,Active,2016/04/23,2017/05/06,E4-B9-0D-FE-0B-B1,"Morbi sem mauris, laoreet ut, rhoncus aliquet, pulvinar sed, nisl.",Cras non velit nec nisi vulputate nonummy.
107,107,WBSWD9C52AP415512,Standard,Corporate,Active,2016/10/15,2016/03/03,01-68-7A-9C-F4-49,In sagittis dui vel nisl.,"Suspendisse ornare consequat lectus. In est risus, auctor sed, tristique in, tempus sit amet, sem. Fusce consequat."
108,108,WAUDG98E76A944413,Standard,Commercial,Inactive,2017/03/08,2017/04/01,94-1C-10-1A-5B-F9,Vestibulum ante ipsum primis in faucibus orci luctus et ultrices posuere cubilia Curae; Mauris viverra diam vitae quam. Suspendisse potenti. Nullam porttitor lacus at turpis.,Maecenas tincidunt lacus at velit.
109,109,WAUKF98E47A144681,Premium,Corporate,Active,2016/01/07,2017/01/02,BF-16-0E-CD-39-16,Aliquam erat volutpat. In congue.,Mauris sit amet eros. Suspendisse accumsan tortor quis turpis.
110,110,WAUBF48HX7K748338,Excelium,Residential,Active,2017/04/07,2017/06/03,02-B2-6B-00-62-E4,Duis ac nibh.,"Cras mi pede, malesuada in, imperdiet et, commodo vulputate, justo. In blandit ultrices enim."
111,111,5NPDH4AE4CH899836,Premium,Hybrid,Active,2017/08/15,2016/08/22,F6-D7-B5-9D-8F-F6,Proin eu mi. Nulla ac enim.,"Quisque erat eros, viverra eget, congue eget, semper rutrum, nulla. Nunc purus."
112,112,1FTEW1C8XFK609375,Premium,Commercial,Active,2018/12/03,2018/05/06,9F-3D-AE-A1-91-F6,Aenean auctor gravida sem. Praesent id massa id nisl venenatis lacinia.,Maecenas pulvinar lobortis est. Phasellus sit amet erat.
113,113,1FMJK1F50CE422597,Excelium,Corporate,Active,2018/12/27,2017/12/22,C8-40-F4-28-6B-31,Nulla suscipit ligula in lacus. Curabitur at ipsum ac tellus semper interdum. Mauris ullamcorper purus sit amet nulla.,"Mauris enim leo, rhoncus sed, vestibulum sit amet, cursus id, turpis. Integer aliquet, massa id lobortis convallis, tortor risus dapibus augue, vel accumsan tellus nisi eu orci."
114,114,WAURD68D92A608731,Premium,Hybrid,Active,2016/05/13,2017/10/19,D0-68-5D-13-60-10,"Maecenas leo odio, condimentum id, luctus nec, molestie sed, justo. Pellentesque viverra pede ac diam. Cras pellentesque volutpat dui.","Morbi odio odio, elementum eu, interdum eu, tincidunt in, leo. Maecenas pulvinar lobortis est."
115,115,WBABS53413J167333,Premium,Commercial,Active,2017/12/05,2017/05/08,01-6C-5B-51-54-89,Suspendisse potenti. In eleifend quam a odio. In hac habitasse platea dictumst.,Aliquam quis turpis eget elit sodales scelerisque. Mauris sit amet eros. Suspendisse accumsan tortor quis turpis.
116,116,KMHDB8AE7BU281628,Standard,Residential,Active,2016/04/16,2016/12/28,53-6F-14-5B-25-94,Vivamus tortor.,Donec ut mauris eget massa tempor convallis.
117,117,WAUBH64B71N569235,Standard,Hybrid,Active,2018/04/15,2017/09/04,73-2E-12-E6-37-E8,"Lorem ipsum dolor sit amet, consectetuer adipiscing elit. Proin interdum mauris non ligula pellentesque ultrices.","Vestibulum ac est lacinia nisi venenatis tristique. Fusce congue, diam id ornare imperdiet, sapien urna pretium nisl, ut volutpat sapien arcu sed augue."
118,118,5N1AR2MM1EC761446,Excelium,Commercial,Active,2017/04/05,2018/04/08,5E-2C-30-31-5D-36,Morbi vel lectus in quam fringilla rhoncus.,Suspendisse potenti. In eleifend quam a odio. In hac habitasse platea dictumst.
119,119,1GYS4GEF6DR169664,Standard,Corporate,Active,2016/11/15,2016/10/01,6D-D2-AC-F7-E7-24,Nulla ut erat id mauris vulputate elementum. Nullam varius.,Mauris lacinia sapien quis libero. Nullam sit amet turpis elementum ligula vehicula consequat.
120,120,WAUAG78E06A710573,Premium,Hybrid,Active,2018/09/08,2017/07/13,29-F1-CF-2C-33-D4,Proin risus.,Quisque id justo sit amet sapien dignissim vestibulum. Vestibulum ante ipsum primis in faucibus orci luctus et ultrices posuere cubilia Curae; Nulla dapibus dolor vel est.
121,121,WAUDL74F36N490233,Excelium,Hybrid,Active,2017/07/29,2017/09/26,DC-CA-D0-8A-A9-6C,"Donec odio justo, sollicitudin ut, suscipit a, feugiat et, eros.",Nulla mollis molestie lorem. Quisque ut erat. Curabitur gravida nisi at nibh.
122,122,2G4GP5EX3E9355203,Premium,Commercial,Active,2018/12/09,2016/06/09,72-FB-BC-1F-53-B5,"Donec ut dolor. Morbi vel lectus in quam fringilla rhoncus. Mauris enim leo, rhoncus sed, vestibulum sit amet, cursus id, turpis.",Ut at dolor quis odio consequat varius. Integer ac leo.
123,123,5TDDW5G19FS911705,Standard,Residential,Active,2017/11/13,2018/02/21,FE-6A-53-F7-9A-CE,"In hac habitasse platea dictumst. Aliquam augue quam, sollicitudin vitae, consectetuer eget, rutrum at, lorem. Integer tincidunt ante vel ipsum.",Maecenas tincidunt lacus at velit.
124,124,5N1AR2MM6FC629705,Excelium,Hybrid,Active,2016/02/13,2018/06/20,BD-5E-50-8C-0C-08,Curabitur in libero ut massa volutpat convallis.,Etiam justo. Etiam pretium iaculis justo.
125,125,KMHCT4AE6CU427830,Excelium,Corporate,Active,2018/04/20,2017/06/10,99-13-67-33-8C-00,Nulla tempus. Vivamus in felis eu sapien cursus vestibulum.,Quisque ut erat. Curabitur gravida nisi at nibh.
126,126,5GAKVCKD1DJ613712,Excelium,Hybrid,Active,2016/03/10,2019/02/07,B6-E5-8B-73-5E-DC,"Fusce lacus purus, aliquet at, feugiat non, pretium quis, lectus.","Integer non velit. Donec diam neque, vestibulum eget, vulputate ut, ultrices vel, augue. Vestibulum ante ipsum primis in faucibus orci luctus et ultrices posuere cubilia Curae; Donec pharetra, magna vestibulum aliquet ultrices, erat tortor sollicitudin mi, sit amet lobortis sapien sapien non mi."
127,127,1GYS4GEF1DR204384,Premium,Hybrid,Need Service,2018/02/03,2018/01/13,85-9A-7F-C2-34-9C,"Cras mi pede, malesuada in, imperdiet et, commodo vulputate, justo. In blandit ultrices enim.","Mauris ullamcorper purus sit amet nulla. Quisque arcu libero, rutrum ac, lobortis vel, dapibus at, diam. Nam tristique tortor eu pede."
128,128,1D7RV1GP1BS266657,Excelium,Hybrid,Active,2018/04/26,2018/12/02,A8-54-84-77-AE-F0,"Mauris enim leo, rhoncus sed, vestibulum sit amet, cursus id, turpis.",Praesent id massa id nisl venenatis lacinia. Aenean sit amet justo. Morbi ut odio.
129,129,1FTEX1C88AK443749,Excelium,Hybrid,Active,2017/12/15,2016/07/22,FB-F3-82-ED-9F-ED,Curabitur gravida nisi at nibh. In hac habitasse platea dictumst.,Duis consequat dui nec nisi volutpat eleifend. Donec ut dolor. Morbi vel lectus in quam fringilla rhoncus.
130,130,JM3TB2BA1D0649232,Standard,Corporate,Need Service,2017/01/09,2018/05/17,4C-19-87-01-BE-E6,Nullam sit amet turpis elementum ligula vehicula consequat. Morbi a ipsum.,Nulla tempus. Vivamus in felis eu sapien cursus vestibulum. Proin eu mi.
131,131,2HNYD18471H932465,Standard,Commercial,Active,2016/01/16,2018/01/09,03-82-C6-FA-65-7D,Donec semper sapien a libero.,Aliquam sit amet diam in magna bibendum imperdiet.
132,132,WUARL48H29K281318,Excelium,Commercial,Need Service,2016/05/20,2018/10/06,6D-41-58-06-C6-ED,"Nam ultrices, libero non mattis pulvinar, nulla pede ullamcorper augue, a suscipit nulla elit ac nulla. Sed vel enim sit amet nunc viverra dapibus. Nulla suscipit ligula in lacus.",Nullam molestie nibh in lectus. Pellentesque at nulla. Suspendisse potenti.
133,133,JN1CV6AP7CM381388,Premium,Commercial,Need Service,2016/08/30,2018/08/23,DF-3E-FD-D6-03-6C,"Maecenas leo odio, condimentum id, luctus nec, molestie sed, justo.",Duis consequat dui nec nisi volutpat eleifend. Donec ut dolor. Morbi vel lectus in quam fringilla rhoncus.
134,134,1G4PP5SK0E4261257,Standard,Corporate,Need Service,2016/04/25,2017/07/15,6B-81-B7-87-43-88,"Fusce lacus purus, aliquet at, feugiat non, pretium quis, lectus. Suspendisse potenti.",Vivamus in felis eu sapien cursus vestibulum. Proin eu mi.
135,135,WP1AE2A23CL121850,Excelium,Corporate,Inactive,2016/03/19,2017/08/20,0F-44-ED-66-71-E7,Donec posuere metus vitae ipsum.,Suspendisse accumsan tortor quis turpis.
136,136,19XFA1F32BE102683,Excelium,Commercial,Active,2018/03/25,2019/02/02,AC-42-18-3A-6A-07,Pellentesque ultrices mattis odio.,"Fusce posuere felis sed lacus. Morbi sem mauris, laoreet ut, rhoncus aliquet, pulvinar sed, nisl. Nunc rhoncus dui vel sem."
137,137,SCFAD01E19G833783,Standard,Corporate,Active,2016/08/27,2016/01/06,F8-6A-A4-DE-01-0E,Mauris ullamcorper purus sit amet nulla.,Etiam faucibus cursus urna. Ut tellus. Nulla ut erat id mauris vulputate elementum.
138,138,5N1AA0ND1FN932860,Premium,Corporate,Inactive,2017/08/08,2018/01/21,FE-85-41-52-B3-64,Vestibulum ac est lacinia nisi venenatis tristique.,Integer ac leo. Pellentesque ultrices mattis odio. Donec vitae nisi.
139,139,4T1BK3DB6AU486982,Standard,Commercial,Active,2017/01/14,2017/12/08,5E-41-53-4E-EF-22,"Maecenas tristique, est et tempus semper, est quam pharetra magna, ac consequat metus sapien ut nunc.",Praesent blandit lacinia erat. Vestibulum sed magna at nunc commodo placerat. Praesent blandit.
140,140,WBADS43463G923450,Premium,Residential,Need Service,2016/11/25,2018/02/20,80-C8-CF-57-37-95,"Quisque arcu libero, rutrum ac, lobortis vel, dapibus at, diam.",Nunc rhoncus dui vel sem.
141,141,1G6AB5R37F0876679,Premium,Commercial,Active,2016/05/31,2018/12/02,A5-47-F8-DB-D1-DE,Praesent blandit.,"Integer non velit. Donec diam neque, vestibulum eget, vulputate ut, ultrices vel, augue. Vestibulum ante ipsum primis in faucibus orci luctus et ultrices posuere cubilia Curae; Donec pharetra, magna vestibulum aliquet ultrices, erat tortor sollicitudin mi, sit amet lobortis sapien sapien non mi."
142,142,WAUWFAFH3BN834391,Excelium,Corporate,Active,2016/08/17,2017/03/13,64-9B-22-59-2C-74,Aenean sit amet justo. Morbi ut odio.,"Aliquam augue quam, sollicitudin vitae, consectetuer eget, rutrum at, lorem. Integer tincidunt ante vel ipsum."
143,143,19XFB4F25EE436474,Standard,Residential,Active,2016/11/17,2018/12/08,35-56-8B-6B-9D-B7,"Morbi sem mauris, laoreet ut, rhoncus aliquet, pulvinar sed, nisl. Nunc rhoncus dui vel sem. Sed sagittis.",Etiam vel augue. Vestibulum rutrum rutrum neque. Aenean auctor gravida sem.
144,144,WBA3B1C59EK515883,Excelium,Residential,Need Service,2018/11/01,2017/01/21,A5-D9-8C-65-24-0C,Donec quis orci eget orci vehicula condimentum. Curabitur in libero ut massa volutpat convallis.,"Aenean sit amet justo. Morbi ut odio. Cras mi pede, malesuada in, imperdiet et, commodo vulputate, justo."
145,145,WBAYB6C57DC027785,Excelium,Residential,Need Service,2017/12/28,2018/05/08,5D-D4-C3-47-1A-EE,Suspendisse accumsan tortor quis turpis.,"Maecenas leo odio, condimentum id, luctus nec, molestie sed, justo."
146,146,WBANB33574B128199,Premium,Hybrid,Need Service,2017/02/24,2019/02/21,E2-90-2A-84-51-1A,"Vestibulum ac est lacinia nisi venenatis tristique. Fusce congue, diam id ornare imperdiet, sapien urna pretium nisl, ut volutpat sapien arcu sed augue. Aliquam erat volutpat.","Morbi odio odio, elementum eu, interdum eu, tincidunt in, leo."
147,147,3LNHL2GC2AR512698,Standard,Corporate,Need Service,2019/01/18,2016/04/08,79-B1-8C-DC-25-E7,Proin risus. Praesent lectus.,Nulla facilisi. Cras non velit nec nisi vulputate nonummy. Maecenas tincidunt lacus at velit.
148,148,1N6AA0CC6EN335892,Premium,Corporate,Active,2017/03/23,2018/03/31,8F-04-1E-06-48-33,"Duis ac nibh. Fusce lacus purus, aliquet at, feugiat non, pretium quis, lectus. Suspendisse potenti.",Aenean lectus. Pellentesque eget nunc.
149,149,1G6KF57953U941629,Standard,Corporate,Need Service,2018/07/25,2016/03/20,82-00-C7-9A-F4-05,"Donec ut mauris eget massa tempor convallis. Nulla neque libero, convallis eget, eleifend luctus, ultricies eu, nibh. Quisque id justo sit amet sapien dignissim vestibulum.","Donec ut dolor. Morbi vel lectus in quam fringilla rhoncus. Mauris enim leo, rhoncus sed, vestibulum sit amet, cursus id, turpis."
150,150,WBAVB73577V043843,Premium,Hybrid,Active,2017/03/25,2017/06/26,D2-55-FE-07-50-D5,"Donec semper sapien a libero. Nam dui. Proin leo odio, porttitor id, consequat in, consequat ut, nulla.",Nulla facilisi. Cras non velit nec nisi vulputate nonummy.
151,151,3VWKX8AJ5BM283003,Standard,Residential,Active,2018/12/12,2016/01/11,BA-4E-04-42-E2-7C,Nulla suscipit ligula in lacus.,"Donec diam neque, vestibulum eget, vulputate ut, ultrices vel, augue."
152,152,WAUSGAFB3AN740937,Excelium,Hybrid,Need Service,2017/08/26,2016/06/26,F4-AD-73-0B-F0-55,Vestibulum ante ipsum primis in faucibus orci luctus et ultrices posuere cubilia Curae; Nulla dapibus dolor vel est.,"Integer pede justo, lacinia eget, tincidunt eget, tempus vel, pede. Morbi porttitor lorem id ligula. Suspendisse ornare consequat lectus."
153,153,WAUGGBFC0DN168959,Excelium,Residential,Active,2016/03/16,2016/07/05,4B-AC-C7-92-5F-CD,Nullam sit amet turpis elementum ligula vehicula consequat. Morbi a ipsum. Integer a nibh.,Maecenas rhoncus aliquam lacus. Morbi quis tortor id nulla ultrices aliquet.
154,154,WAUEH48H77K395029,Premium,Corporate,Need Service,2017/07/21,2018/12/22,E0-80-6B-EC-93-47,Mauris lacinia sapien quis libero. Nullam sit amet turpis elementum ligula vehicula consequat. Morbi a ipsum.,"Cras mi pede, malesuada in, imperdiet et, commodo vulputate, justo. In blandit ultrices enim."
155,155,1FA6P0G74E5769786,Standard,Corporate,Active,2017/01/29,2018/06/11,E1-8E-17-CE-25-EA,Curabitur at ipsum ac tellus semper interdum. Mauris ullamcorper purus sit amet nulla.,Aliquam quis turpis eget elit sodales scelerisque.
156,156,1GYS3DEF6CR584452,Standard,Corporate,Active,2017/05/26,2016/12/30,32-89-DF-D4-E1-07,Etiam vel augue. Vestibulum rutrum rutrum neque.,"Nam congue, risus semper porta volutpat, quam pede lobortis ligula, sit amet eleifend pede libero quis orci. Nullam molestie nibh in lectus. Pellentesque at nulla."
157,157,YV1982BW5A1185634,Premium,Residential,Need Service,2016/06/21,2017/03/23,39-4A-46-15-9D-5D,Morbi porttitor lorem id ligula. Suspendisse ornare consequat lectus.,Sed ante.
158,158,SCBBR9ZA6CC155155,Standard,Corporate,Active,2017/05/30,2018/03/28,C5-A6-C5-B7-E4-EE,Vestibulum rutrum rutrum neque. Aenean auctor gravida sem. Praesent id massa id nisl venenatis lacinia.,Aliquam non mauris.
159,159,SCBLC31E21C676789,Premium,Corporate,Inactive,2017/01/09,2016/10/23,BB-2A-79-58-FA-CA,Aliquam erat volutpat.,Maecenas pulvinar lobortis est. Phasellus sit amet erat.
160,160,KL4CJBSB2DB672280,Standard,Hybrid,Active,2018/05/14,2019/01/17,50-44-C9-06-6C-82,In blandit ultrices enim.,Nulla ut erat id mauris vulputate elementum.
161,161,SCBCC41N59C846760,Standard,Hybrid,Active,2018/01/21,2018/11/05,B1-BE-B4-89-98-75,"Morbi sem mauris, laoreet ut, rhoncus aliquet, pulvinar sed, nisl. Nunc rhoncus dui vel sem. Sed sagittis.",Vestibulum ante ipsum primis in faucibus orci luctus et ultrices posuere cubilia Curae; Mauris viverra diam vitae quam.
162,162,2G4WB55K411950391,Premium,Residential,Active,2016/02/04,2016/06/21,65-5A-92-31-2C-E1,Proin interdum mauris non ligula pellentesque ultrices. Phasellus id sapien in sapien iaculis congue.,Nunc purus. Phasellus in felis.
163,163,WBAGN83565D853005,Standard,Corporate,Active,2017/02/13,2017/11/24,97-BA-BE-45-2B-C8,Nulla mollis molestie lorem. Quisque ut erat.,"Maecenas leo odio, condimentum id, luctus nec, molestie sed, justo."
164,164,3D73Y4HL9BG375868,Standard,Commercial,Need Service,2017/06/24,2018/12/31,F5-55-F3-97-51-3B,"Vestibulum quam sapien, varius ut, blandit non, interdum in, ante. Vestibulum ante ipsum primis in faucibus orci luctus et ultrices posuere cubilia Curae; Duis faucibus accumsan odio.",Ut at dolor quis odio consequat varius. Integer ac leo. Pellentesque ultrices mattis odio.
165,165,3G5DB03E94S896324,Premium,Residential,Active,2018/02/28,2018/04/29,25-89-38-C0-F0-C6,Aliquam erat volutpat. In congue. Etiam justo.,Nulla tempus. Vivamus in felis eu sapien cursus vestibulum.
166,166,2T1KE4EE9CC958201,Excelium,Hybrid,Active,2017/12/18,2018/05/30,1E-25-8F-52-9D-D0,"Cum sociis natoque penatibus et magnis dis parturient montes, nascetur ridiculus mus. Vivamus vestibulum sagittis sapien. Cum sociis natoque penatibus et magnis dis parturient montes, nascetur ridiculus mus.","Fusce posuere felis sed lacus. Morbi sem mauris, laoreet ut, rhoncus aliquet, pulvinar sed, nisl. Nunc rhoncus dui vel sem."
167,167,3N1AB6AP4AL592720,Standard,Hybrid,Active,2016/05/05,2019/01/13,55-CC-32-9D-25-D9,Ut tellus. Nulla ut erat id mauris vulputate elementum. Nullam varius.,Nullam varius. Nulla facilisi. Cras non velit nec nisi vulputate nonummy.
168,168,19UUA65586A684564,Premium,Corporate,Need Service,2017/10/13,2016/01/28,44-0B-EB-00-7F-7E,"Lorem ipsum dolor sit amet, consectetuer adipiscing elit. Proin interdum mauris non ligula pellentesque ultrices.",Suspendisse potenti. In eleifend quam a odio. In hac habitasse platea dictumst.
169,169,JH4CU25609C075964,Excelium,Hybrid,Active,2016/02/07,2016/01/05,72-E2-7B-C0-C2-BD,"Nunc nisl. Duis bibendum, felis sed interdum venenatis, turpis enim blandit mi, in porttitor pede justo eu massa. Donec dapibus.","In tempor, turpis nec euismod scelerisque, quam turpis adipiscing lorem, vitae mattis nibh ligula nec sem. Duis aliquam convallis nunc."
170,170,WAUCFAFRXDA510697,Premium,Residential,Active,2019/03/04,2016/03/07,2E-BF-BE-58-DF-19,Phasellus sit amet erat. Nulla tempus.,"Pellentesque ultrices mattis odio. Donec vitae nisi. Nam ultrices, libero non mattis pulvinar, nulla pede ullamcorper augue, a suscipit nulla elit ac nulla."
171,171,WAURD68D32A040816,Standard,Hybrid,Active,2018/06/10,2017/04/18,21-0C-E6-C1-37-5D,"Maecenas tristique, est et tempus semper, est quam pharetra magna, ac consequat metus sapien ut nunc. Vestibulum ante ipsum primis in faucibus orci luctus et ultrices posuere cubilia Curae; Mauris viverra diam vitae quam. Suspendisse potenti.",Maecenas pulvinar lobortis est.
172,172,5UXZV4C51DL220774,Premium,Commercial,Active,2016/05/17,2016/10/08,15-E6-07-59-C1-D8,Donec posuere metus vitae ipsum. Aliquam non mauris.,Aliquam erat volutpat.
173,173,2T1BU4EE7DC474791,Premium,Corporate,Active,2018/04/22,2018/04/15,9D-84-9E-0E-9C-1E,Duis aliquam convallis nunc.,"Donec ut dolor. Morbi vel lectus in quam fringilla rhoncus. Mauris enim leo, rhoncus sed, vestibulum sit amet, cursus id, turpis."
174,174,WUATNAFG5EN549148,Premium,Hybrid,Need Service,2018/10/04,2017/07/25,9C-23-02-07-30-EC,"Morbi ut odio. Cras mi pede, malesuada in, imperdiet et, commodo vulputate, justo.",Duis mattis egestas metus. Aenean fermentum.
175,175,1D7CE3GK3AS775430,Premium,Commercial,Active,2016/10/29,2018/11/19,75-73-AC-C8-C2-39,Integer a nibh. In quis justo. Maecenas rhoncus aliquam lacus.,"Cras pellentesque volutpat dui. Maecenas tristique, est et tempus semper, est quam pharetra magna, ac consequat metus sapien ut nunc."
176,176,WBA3D5C56FK613031,Premium,Hybrid,Active,2016/08/20,2016/10/06,DF-24-65-BF-07-22,Vestibulum ante ipsum primis in faucibus orci luctus et ultrices posuere cubilia Curae; Nulla dapibus dolor vel est.,Nulla tempus. Vivamus in felis eu sapien cursus vestibulum.
177,177,WAURV78T98A928506,Premium,Residential,Need Service,2016/03/24,2016/12/07,9C-DB-B2-60-E3-50,In congue. Etiam justo.,Nullam molestie nibh in lectus.
178,178,WP0AB2A96BS676760,Standard,Residential,Active,2016/07/05,2018/09/24,12-6A-5C-DA-9F-DD,Nullam molestie nibh in lectus.,Integer ac neque.
179,179,WAUVT58E93A869881,Premium,Corporate,Active,2016/12/09,2018/03/08,D9-83-18-14-B1-30,Duis consequat dui nec nisi volutpat eleifend.,"Mauris enim leo, rhoncus sed, vestibulum sit amet, cursus id, turpis. Integer aliquet, massa id lobortis convallis, tortor risus dapibus augue, vel accumsan tellus nisi eu orci."
180,180,1GYS3KEF3BR150038,Premium,Corporate,Need Service,2016/01/20,2016/05/28,D4-A8-B1-25-CF-E7,"Vestibulum ante ipsum primis in faucibus orci luctus et ultrices posuere cubilia Curae; Nulla dapibus dolor vel est. Donec odio justo, sollicitudin ut, suscipit a, feugiat et, eros.",In hac habitasse platea dictumst.
181,181,WAUJT58E94A114035,Excelium,Residential,Active,2017/07/20,2016/12/09,07-6E-87-04-69-EE,Nullam porttitor lacus at turpis. Donec posuere metus vitae ipsum. Aliquam non mauris.,"Cum sociis natoque penatibus et magnis dis parturient montes, nascetur ridiculus mus. Etiam vel augue."
182,182,5FRYD3H62GB540946,Excelium,Corporate,Active,2018/12/05,2017/01/19,EE-50-F4-C2-CC-82,"Proin eu mi. Nulla ac enim. In tempor, turpis nec euismod scelerisque, quam turpis adipiscing lorem, vitae mattis nibh ligula nec sem.",Maecenas ut massa quis augue luctus tincidunt. Nulla mollis molestie lorem. Quisque ut erat.
183,183,WA1BY74L98D897977,Excelium,Corporate,Active,2018/07/26,2017/08/15,2B-2C-64-A0-0F-51,Ut at dolor quis odio consequat varius. Integer ac leo.,Integer ac leo. Pellentesque ultrices mattis odio. Donec vitae nisi.
184,184,1G6DM8E31D0831099,Excelium,Corporate,Active,2017/05/03,2019/02/26,0A-D7-D6-39-D6-37,"Fusce lacus purus, aliquet at, feugiat non, pretium quis, lectus. Suspendisse potenti. In eleifend quam a odio.",Maecenas pulvinar lobortis est. Phasellus sit amet erat.
185,185,3GYFNAE38CS723400,Standard,Commercial,Active,2018/05/09,2017/03/29,85-3A-89-BF-F2-38,In hac habitasse platea dictumst.,Maecenas ut massa quis augue luctus tincidunt.
186,186,1FMCU5K31AK604077,Premium,Hybrid,Active,2017/05/25,2019/02/25,26-8E-40-23-65-13,"Pellentesque viverra pede ac diam. Cras pellentesque volutpat dui. Maecenas tristique, est et tempus semper, est quam pharetra magna, ac consequat metus sapien ut nunc.",Nulla mollis molestie lorem.
187,187,WBAUN7C56DV334543,Standard,Residential,Active,2016/08/17,2018/11/21,9C-66-5D-F0-C8-87,Vivamus in felis eu sapien cursus vestibulum.,Nunc purus.
188,188,1B3CC1FB8AN467935,Premium,Corporate,Active,2018/03/22,2018/08/28,85-C0-B8-E6-32-CE,Maecenas pulvinar lobortis est. Phasellus sit amet erat. Nulla tempus.,Aenean sit amet justo.
189,189,19UUB3F54FA163772,Standard,Hybrid,Active,2017/06/20,2018/01/04,6B-3F-B9-10-E1-84,"Integer aliquet, massa id lobortis convallis, tortor risus dapibus augue, vel accumsan tellus nisi eu orci. Mauris lacinia sapien quis libero.","Vestibulum quam sapien, varius ut, blandit non, interdum in, ante. Vestibulum ante ipsum primis in faucibus orci luctus et ultrices posuere cubilia Curae; Duis faucibus accumsan odio."
190,190,4A31K5DF8AE079820,Standard,Corporate,Need Service,2018/03/12,2017/02/10,89-61-AA-60-98-0C,Nulla mollis molestie lorem.,Nulla justo.
191,191,3MZBM1K70EM076414,Standard,Residential,Active,2016/03/23,2018/06/09,6D-47-C0-BB-EA-EB,"Integer pede justo, lacinia eget, tincidunt eget, tempus vel, pede. Morbi porttitor lorem id ligula.","In est risus, auctor sed, tristique in, tempus sit amet, sem. Fusce consequat."
192,192,WBAUC9C51DV112798,Excelium,Commercial,Active,2018/03/09,2016/03/31,65-6C-2A-2E-DD-57,"Morbi non lectus. Aliquam sit amet diam in magna bibendum imperdiet. Nullam orci pede, venenatis non, sodales sed, tincidunt eu, felis.",Duis at velit eu est congue elementum.
193,193,2G4WF551X41739583,Premium,Commercial,Need Service,2018/12/30,2016/01/14,9D-CB-99-50-9B-77,Mauris lacinia sapien quis libero. Nullam sit amet turpis elementum ligula vehicula consequat. Morbi a ipsum.,Etiam faucibus cursus urna.
194,194,1FAHP3E25CL922623,Excelium,Commercial,Active,2017/05/28,2016/02/28,41-30-02-64-92-5C,"Integer aliquet, massa id lobortis convallis, tortor risus dapibus augue, vel accumsan tellus nisi eu orci.",Sed accumsan felis.
195,195,WA1VGAFP8FA805222,Excelium,Residential,Active,2018/10/04,2017/09/03,D1-EB-C3-1E-4A-68,Integer ac leo. Pellentesque ultrices mattis odio.,"Morbi odio odio, elementum eu, interdum eu, tincidunt in, leo."
196,196,WAULC58E75A572148,Premium,Corporate,Active,2018/10/31,2018/08/10,B2-C9-27-45-C4-E9,Sed ante. Vivamus tortor.,Aenean auctor gravida sem.
197,197,WVWBB7AJ0DW442718,Premium,Hybrid,Active,2017/06/29,2017/12/05,2C-2A-78-DD-5F-8F,Aenean fermentum.,"Morbi quis tortor id nulla ultrices aliquet. Maecenas leo odio, condimentum id, luctus nec, molestie sed, justo. Pellentesque viverra pede ac diam."
198,198,1GYUKHEF4AR778137,Excelium,Hybrid,Need Service,2019/03/11,2016/04/25,6C-02-5B-0F-1F-4F,Nunc purus. Phasellus in felis.,"Maecenas leo odio, condimentum id, luctus nec, molestie sed, justo. Pellentesque viverra pede ac diam."
199,199,1GYS3JKJ3FR348272,Premium,Corporate,Active,2018/01/30,2018/07/01,EB-ED-6B-99-DE-FF,Curabitur at ipsum ac tellus semper interdum. Mauris ullamcorper purus sit amet nulla.,"Quisque arcu libero, rutrum ac, lobortis vel, dapibus at, diam."
200,200,WBADT53491C525589,Standard,Hybrid,Active,2018/12/07,2016/09/13,49-6D-09-88-E3-AF,In hac habitasse platea dictumst. Maecenas ut massa quis augue luctus tincidunt.,"Morbi vestibulum, velit id pretium iaculis, diam erat fermentum justo, nec condimentum neque sapien placerat ante. Nulla justo."
201,1,WAUVF78K49A843061,Excelium,Commercial,Active,2016/12/12,2017/05/07,1C-44-DA-6F-07-E3,In eleifend quam a odio. In hac habitasse platea dictumst.,"Morbi quis tortor id nulla ultrices aliquet. Maecenas leo odio, condimentum id, luctus nec, molestie sed, justo."
202,2,1N6AF0KX7FN957425,Standard,Residential,Active,2019/03/11,2019/02/07,12-C9-5F-2B-9A-76,"Nullam orci pede, venenatis non, sodales sed, tincidunt eu, felis.","Aliquam augue quam, sollicitudin vitae, consectetuer eget, rutrum at, lorem. Integer tincidunt ante vel ipsum. Praesent blandit lacinia erat."
203,3,WAUDH98E78A663390,Premium,Corporate,Active,2017/09/27,2017/10/02,B6-7F-8F-0B-15-30,Morbi ut odio.,Nulla mollis molestie lorem.
204,4,1GD02ZCG8DZ172720,Premium,Commercial,Active,2017/06/13,2018/01/01,0B-DF-1B-6B-90-07,"Lorem ipsum dolor sit amet, consectetuer adipiscing elit. Proin risus.","Vestibulum ante ipsum primis in faucibus orci luctus et ultrices posuere cubilia Curae; Nulla dapibus dolor vel est. Donec odio justo, sollicitudin ut, suscipit a, feugiat et, eros."
205,5,JN1AY1AP1DM872171,Standard,Hybrid,Inactive,2018/08/13,2016/01/27,FF-4A-9D-36-1F-BB,"Integer pede justo, lacinia eget, tincidunt eget, tempus vel, pede. Morbi porttitor lorem id ligula.",Quisque id justo sit amet sapien dignissim vestibulum.
206,6,1FMJK1J53AE932995,Excelium,Residential,Inactive,2018/05/08,2018/01/31,3C-8D-D5-83-C4-6E,Sed vel enim sit amet nunc viverra dapibus. Nulla suscipit ligula in lacus.,"In hac habitasse platea dictumst. Aliquam augue quam, sollicitudin vitae, consectetuer eget, rutrum at, lorem. Integer tincidunt ante vel ipsum."
207,7,WAU32AFD4FN083724,Excelium,Hybrid,Active,2017/11/28,2016/06/25,7D-15-F9-65-60-F8,Maecenas pulvinar lobortis est. Phasellus sit amet erat. Nulla tempus.,Duis at velit eu est congue elementum. In hac habitasse platea dictumst.
208,8,SALSF2D4XDA535068,Excelium,Residential,Active,2017/12/29,2016/01/15,26-86-D1-C5-68-C8,Nulla justo. Aliquam quis turpis eget elit sodales scelerisque.,Phasellus sit amet erat. Nulla tempus. Vivamus in felis eu sapien cursus vestibulum.
209,9,JN8AE2KP8F9355518,Standard,Commercial,Active,2017/10/24,2016/06/14,7E-5C-6F-33-4F-3A,"Integer aliquet, massa id lobortis convallis, tortor risus dapibus augue, vel accumsan tellus nisi eu orci.","Nullam orci pede, venenatis non, sodales sed, tincidunt eu, felis. Fusce posuere felis sed lacus. Morbi sem mauris, laoreet ut, rhoncus aliquet, pulvinar sed, nisl."
210,10,WBAWC7C57AP632601,Standard,Corporate,Active,2018/07/21,2018/02/24,1F-2B-C6-35-4E-51,Suspendisse potenti.,Aliquam non mauris. Morbi non lectus. Aliquam sit amet diam in magna bibendum imperdiet.
211,11,2G4WB52K631220098,Excelium,Commercial,Active,2016/06/01,2016/11/19,78-62-EB-A1-61-3F,Proin eu mi.,Maecenas ut massa quis augue luctus tincidunt. Nulla mollis molestie lorem.
212,12,3C3CFFCR1CT446789,Premium,Commercial,Active,2017/09/03,2017/07/17,32-27-49-CC-24-89,"In blandit ultrices enim. Lorem ipsum dolor sit amet, consectetuer adipiscing elit. Proin interdum mauris non ligula pellentesque ultrices.",Praesent blandit lacinia erat. Vestibulum sed magna at nunc commodo placerat.
213,13,2G4GS5EC2B9546392,Excelium,Residential,Active,2016/01/26,2016/06/06,E9-AA-C4-91-4E-C1,"Donec vitae nisi. Nam ultrices, libero non mattis pulvinar, nulla pede ullamcorper augue, a suscipit nulla elit ac nulla. Sed vel enim sit amet nunc viverra dapibus.","Vivamus vel nulla eget eros elementum pellentesque. Quisque porta volutpat erat. Quisque erat eros, viverra eget, congue eget, semper rutrum, nulla."
214,14,WAUFEAFMXCA146557,Standard,Corporate,Active,2018/07/24,2018/03/17,B9-7C-12-07-52-A5,"Duis ac nibh. Fusce lacus purus, aliquet at, feugiat non, pretium quis, lectus.",Praesent id massa id nisl venenatis lacinia.
215,15,2G4WS52J921128375,Premium,Residential,Inactive,2018/12/25,2016/06/30,78-0E-24-F6-84-D6,Proin eu mi.,Sed vel enim sit amet nunc viverra dapibus. Nulla suscipit ligula in lacus.
216,16,2HNYD28397H217189,Standard,Corporate,Active,2018/11/09,2017/05/12,7F-2B-A9-76-8D-C2,"Morbi quis tortor id nulla ultrices aliquet. Maecenas leo odio, condimentum id, luctus nec, molestie sed, justo. Pellentesque viverra pede ac diam.",Etiam faucibus cursus urna. Ut tellus.
217,17,1FTEW1C8XAF781746,Standard,Hybrid,Active,2018/03/23,2016/11/10,1A-BA-CB-5C-94-8A,"Fusce congue, diam id ornare imperdiet, sapien urna pretium nisl, ut volutpat sapien arcu sed augue. Aliquam erat volutpat. In congue.",Maecenas tincidunt lacus at velit.
218,18,1C3CDFAA7DD073073,Premium,Residential,Active,2018/10/17,2018/07/07,7F-72-26-79-31-B8,Nulla mollis molestie lorem. Quisque ut erat. Curabitur gravida nisi at nibh.,"Quisque id justo sit amet sapien dignissim vestibulum. Vestibulum ante ipsum primis in faucibus orci luctus et ultrices posuere cubilia Curae; Nulla dapibus dolor vel est. Donec odio justo, sollicitudin ut, suscipit a, feugiat et, eros."
219,19,1G6D25ED8B0997260,Premium,Residential,Active,2016/10/13,2018/09/23,BA-0F-2C-F2-64-8D,Mauris sit amet eros. Suspendisse accumsan tortor quis turpis. Sed ante.,"In blandit ultrices enim. Lorem ipsum dolor sit amet, consectetuer adipiscing elit."
220,20,5GADV23L05D455694,Standard,Residential,Need service,2017/09/04,2016/12/07,E5-6A-01-FC-36-6A,Vestibulum rutrum rutrum neque. Aenean auctor gravida sem.,Quisque ut erat. Curabitur gravida nisi at nibh.
221,21,5GAKRAKD6EJ105617,Standard,Corporate,Inactive,2016/02/28,2018/07/27,71-77-89-28-52-5F,"Aliquam augue quam, sollicitudin vitae, consectetuer eget, rutrum at, lorem. Integer tincidunt ante vel ipsum.",Proin at turpis a pede posuere nonummy.
222,22,3VW467AT0CM923286,Excelium,Commercial,Active,2016/03/30,2019/03/03,3F-5F-14-A6-27-6D,Praesent blandit lacinia erat. Vestibulum sed magna at nunc commodo placerat. Praesent blandit.,Fusce consequat. Nulla nisl.
223,23,WAUJC58E85A134049,Standard,Commercial,Active,2019/03/01,2017/02/05,88-14-4E-A9-A2-37,Ut tellus.,"Proin risus. Praesent lectus. Vestibulum quam sapien, varius ut, blandit non, interdum in, ante."
224,24,NM0KS6BN5AT905975,Standard,Commercial,Active,2018/01/05,2017/05/12,EF-B9-33-B5-C6-58,Aenean auctor gravida sem. Praesent id massa id nisl venenatis lacinia. Aenean sit amet justo.,"Nullam orci pede, venenatis non, sodales sed, tincidunt eu, felis. Fusce posuere felis sed lacus."
225,25,WBAGN63483D800783,Premium,Corporate,Active,2018/02/18,2018/04/28,E3-06-36-CB-8E-25,Ut tellus. Nulla ut erat id mauris vulputate elementum. Nullam varius.,"Maecenas rhoncus aliquam lacus. Morbi quis tortor id nulla ultrices aliquet. Maecenas leo odio, condimentum id, luctus nec, molestie sed, justo."
226,26,WDCYC7DF4FX821498,Premium,Hybrid,Need service,2017/01/29,2016/08/18,5B-A7-52-E9-4F-4B,"Mauris enim leo, rhoncus sed, vestibulum sit amet, cursus id, turpis. Integer aliquet, massa id lobortis convallis, tortor risus dapibus augue, vel accumsan tellus nisi eu orci. Mauris lacinia sapien quis libero.",Aenean auctor gravida sem. Praesent id massa id nisl venenatis lacinia. Aenean sit amet justo.
227,27,1FMCU0E77AK432042,Standard,Residential,Active,2017/08/20,2018/06/06,15-83-D5-93-6A-37,Curabitur convallis. Duis consequat dui nec nisi volutpat eleifend.,Vestibulum sed magna at nunc commodo placerat.
228,28,3D7JV1EP8BG429747,Premium,Hybrid,Active,2016/03/11,2016/08/09,42-D3-82-AA-F7-51,"Maecenas rhoncus aliquam lacus. Morbi quis tortor id nulla ultrices aliquet. Maecenas leo odio, condimentum id, luctus nec, molestie sed, justo.",Vestibulum ante ipsum primis in faucibus orci luctus et ultrices posuere cubilia Curae; Mauris viverra diam vitae quam. Suspendisse potenti.
229,29,WA1C8AFP8EA104084,Standard,Residential,Active,2018/07/15,2018/05/22,9A-55-11-04-85-37,"Nam dui. Proin leo odio, porttitor id, consequat in, consequat ut, nulla.","Donec diam neque, vestibulum eget, vulputate ut, ultrices vel, augue. Vestibulum ante ipsum primis in faucibus orci luctus et ultrices posuere cubilia Curae; Donec pharetra, magna vestibulum aliquet ultrices, erat tortor sollicitudin mi, sit amet lobortis sapien sapien non mi. Integer ac neque."
230,30,1J4PR4GK8AC299525,Excelium,Residential,Active,2016/06/13,2017/03/14,36-31-65-CB-EE-8D,Duis mattis egestas metus. Aenean fermentum.,"Nunc nisl. Duis bibendum, felis sed interdum venenatis, turpis enim blandit mi, in porttitor pede justo eu massa. Donec dapibus."
231,31,WAU2MAFC1EN194369,Standard,Residential,Active,2018/04/29,2017/01/23,97-1B-CD-81-7E-20,"Integer aliquet, massa id lobortis convallis, tortor risus dapibus augue, vel accumsan tellus nisi eu orci. Mauris lacinia sapien quis libero. Nullam sit amet turpis elementum ligula vehicula consequat.",Donec semper sapien a libero. Nam dui.
232,32,WBAWC33598P537976,Standard,Corporate,Active,2018/01/08,2018/07/11,5E-F2-7E-3C-86-4F,"Integer pede justo, lacinia eget, tincidunt eget, tempus vel, pede. Morbi porttitor lorem id ligula.",Donec dapibus. Duis at velit eu est congue elementum. In hac habitasse platea dictumst.
233,33,5N1AA0NC4DN909173,Excelium,Commercial,Active,2017/02/10,2016/08/17,C0-EE-05-24-2D-C7,"Vestibulum ante ipsum primis in faucibus orci luctus et ultrices posuere cubilia Curae; Nulla dapibus dolor vel est. Donec odio justo, sollicitudin ut, suscipit a, feugiat et, eros.",Phasellus id sapien in sapien iaculis congue.
234,34,1N6AD0CUXAC555624,Standard,Hybrid,Active,2018/01/25,2016/02/18,DF-C6-3E-9F-40-B0,Etiam justo.,"Vestibulum ante ipsum primis in faucibus orci luctus et ultrices posuere cubilia Curae; Donec pharetra, magna vestibulum aliquet ultrices, erat tortor sollicitudin mi, sit amet lobortis sapien sapien non mi. Integer ac neque. Duis bibendum."
235,35,JTEBU5JR3C5580340,Standard,Commercial,Active,2016/10/03,2016/04/13,3A-A8-F9-92-77-FC,Pellentesque at nulla. Suspendisse potenti. Cras in purus eu magna vulputate luctus.,In hac habitasse platea dictumst.
236,36,WBAKA4C5XCD368300,Standard,Commercial,Active,2018/10/10,2017/09/03,40-5E-2D-7F-BD-FF,Etiam vel augue.,In eleifend quam a odio.
237,37,WBA3A9C51EK172181,Premium,Hybrid,Active,2016/06/04,2017/06/27,2B-F4-8D-05-93-9F,Nulla suscipit ligula in lacus.,Nulla tempus.
238,38,SCFAB42373K764080,Standard,Residential,Active,2016/04/15,2017/11/09,48-3D-6E-67-60-70,"Donec odio justo, sollicitudin ut, suscipit a, feugiat et, eros. Vestibulum ac est lacinia nisi venenatis tristique.",Sed ante. Vivamus tortor.
239,39,JTDKN3DP3E3902084,Standard,Commercial,Need service,2017/06/26,2017/08/18,2B-1A-C6-55-78-A0,Vestibulum ante ipsum primis in faucibus orci luctus et ultrices posuere cubilia Curae; Mauris viverra diam vitae quam. Suspendisse potenti. Nullam porttitor lacus at turpis.,"In tempor, turpis nec euismod scelerisque, quam turpis adipiscing lorem, vitae mattis nibh ligula nec sem."
240,40,1FTEX1E83AF234215,Standard,Commercial,Need service,2018/03/12,2018/09/27,B7-5F-4F-7A-FE-FA,Vestibulum rutrum rutrum neque. Aenean auctor gravida sem.,"Fusce congue, diam id ornare imperdiet, sapien urna pretium nisl, ut volutpat sapien arcu sed augue. Aliquam erat volutpat."
241,41,1LNHL9DR6BG478470,Standard,Corporate,Active,2017/10/08,2016/10/02,DF-57-DC-79-A9-C3,"Curabitur gravida nisi at nibh. In hac habitasse platea dictumst. Aliquam augue quam, sollicitudin vitae, consectetuer eget, rutrum at, lorem.",Nam dui.
242,42,1GYEC63T92R863944,Excelium,Hybrid,Need service,2018/12/27,2017/01/15,F3-82-F7-6C-AE-ED,"Mauris enim leo, rhoncus sed, vestibulum sit amet, cursus id, turpis. Integer aliquet, massa id lobortis convallis, tortor risus dapibus augue, vel accumsan tellus nisi eu orci.","Donec ut dolor. Morbi vel lectus in quam fringilla rhoncus. Mauris enim leo, rhoncus sed, vestibulum sit amet, cursus id, turpis."
243,43,SCFEBBAK2DG575226,Excelium,Residential,Active,2018/07/21,2018/02/27,C7-5D-A4-EF-F1-A1,Nulla mollis molestie lorem.,Curabitur convallis.
244,44,1G6AB5SA6D0550426,Standard,Corporate,Need service,2016/07/22,2018/08/17,33-BE-2C-E9-89-3C,Donec ut dolor. Morbi vel lectus in quam fringilla rhoncus.,"Donec vitae nisi. Nam ultrices, libero non mattis pulvinar, nulla pede ullamcorper augue, a suscipit nulla elit ac nulla. Sed vel enim sit amet nunc viverra dapibus."
245,45,1C3BCBFG4CN755390,Standard,Hybrid,Need service,2018/08/28,2017/06/05,C1-0D-FC-01-87-F9,Integer ac leo. Pellentesque ultrices mattis odio.,"Morbi sem mauris, laoreet ut, rhoncus aliquet, pulvinar sed, nisl."
246,46,1G6DM1E3XD0108892,Premium,Residential,Active,2016/07/12,2018/03/29,DD-7D-9B-BE-F0-47,Aliquam erat volutpat.,Sed accumsan felis. Ut at dolor quis odio consequat varius. Integer ac leo.
247,47,WAULT54B84N626480,Excelium,Commercial,Need service,2018/01/24,2018/04/03,EB-8B-DE-22-BE-1A,"Donec vitae nisi. Nam ultrices, libero non mattis pulvinar, nulla pede ullamcorper augue, a suscipit nulla elit ac nulla. Sed vel enim sit amet nunc viverra dapibus.","Morbi porttitor lorem id ligula. Suspendisse ornare consequat lectus. In est risus, auctor sed, tristique in, tempus sit amet, sem."
248,48,WBAAV53481J421071,Standard,Hybrid,Inactive,2016/09/15,2017/04/06,C2-CC-C3-00-2E-63,Curabitur in libero ut massa volutpat convallis.,Ut tellus.
249,49,WBA6B4C55FD383662,Standard,Corporate,Active,2019/01/01,2018/10/18,50-10-EC-75-C9-1F,Aliquam quis turpis eget elit sodales scelerisque. Mauris sit amet eros. Suspendisse accumsan tortor quis turpis.,Maecenas tincidunt lacus at velit. Vivamus vel nulla eget eros elementum pellentesque. Quisque porta volutpat erat.
250,50,WBA1F5C53EV232722,Standard,Commercial,Active,2018/09/05,2016/09/16,5A-E2-AB-87-29-39,"Suspendisse potenti. Cras in purus eu magna vulputate luctus. Cum sociis natoque penatibus et magnis dis parturient montes, nascetur ridiculus mus.",Vivamus in felis eu sapien cursus vestibulum. Proin eu mi.
251,51,5GAKRCKD1EJ549886,Premium,Residential,Active,2016/12/25,2018/09/22,35-4C-9C-78-A3-73,"Proin interdum mauris non ligula pellentesque ultrices. Phasellus id sapien in sapien iaculis congue. Vivamus metus arcu, adipiscing molestie, hendrerit at, vulputate vitae, nisl.",Etiam vel augue. Vestibulum rutrum rutrum neque. Aenean auctor gravida sem.
252,52,1VWAS7A3XFC851873,Premium,Hybrid,Active,2016/06/12,2016/01/03,83-5F-75-AC-1A-6E,Pellentesque eget nunc. Donec quis orci eget orci vehicula condimentum. Curabitur in libero ut massa volutpat convallis.,Integer tincidunt ante vel ipsum. Praesent blandit lacinia erat. Vestibulum sed magna at nunc commodo placerat.
253,53,WAULC58E35A917787,Excelium,Corporate,Need service,2016/04/19,2017/03/29,9D-B9-91-50-89-B8,"Quisque porta volutpat erat. Quisque erat eros, viverra eget, congue eget, semper rutrum, nulla.",Nullam porttitor lacus at turpis. Donec posuere metus vitae ipsum. Aliquam non mauris.
254,54,WBAEV33453P410891,Excelium,Residential,Active,2018/03/21,2017/10/07,02-E3-47-BB-1F-CD,Aenean auctor gravida sem. Praesent id massa id nisl venenatis lacinia. Aenean sit amet justo.,Morbi ut odio.
255,55,1G6AM5SX2E0788516,Premium,Corporate,Inactive,2017/09/07,2018/06/18,96-6D-75-48-03-84,Nullam porttitor lacus at turpis. Donec posuere metus vitae ipsum. Aliquam non mauris.,Proin eu mi. Nulla ac enim.
256,56,3TMJU4GN8DM708078,Standard,Commercial,Active,2019/02/26,2017/03/25,8E-08-80-2E-25-39,"Proin interdum mauris non ligula pellentesque ultrices. Phasellus id sapien in sapien iaculis congue. Vivamus metus arcu, adipiscing molestie, hendrerit at, vulputate vitae, nisl.",Phasellus in felis. Donec semper sapien a libero. Nam dui.
257,57,JA4AS3AW1DU520736,Standard,Commercial,Active,2017/06/12,2016/07/28,11-DF-38-EA-33-91,Mauris ullamcorper purus sit amet nulla.,"Donec quis orci eget orci vehicula condimentum. Curabitur in libero ut massa volutpat convallis. Morbi odio odio, elementum eu, interdum eu, tincidunt in, leo."
258,58,KNAGM4AD3C5360444,Excelium,Corporate,Active,2019/01/25,2017/04/23,E5-18-A7-8C-83-B4,Nunc purus. Phasellus in felis. Donec semper sapien a libero.,"Nam congue, risus semper porta volutpat, quam pede lobortis ligula, sit amet eleifend pede libero quis orci."
259,59,W06VR54R41R141475,Excelium,Residential,Active,2018/10/01,2016/09/05,58-39-5F-FB-4C-7E,"Mauris enim leo, rhoncus sed, vestibulum sit amet, cursus id, turpis. Integer aliquet, massa id lobortis convallis, tortor risus dapibus augue, vel accumsan tellus nisi eu orci.","Mauris enim leo, rhoncus sed, vestibulum sit amet, cursus id, turpis. Integer aliquet, massa id lobortis convallis, tortor risus dapibus augue, vel accumsan tellus nisi eu orci."
260,60,WBAYF4C59ED214692,Premium,Residential,Active,2018/09/03,2016/09/17,88-BF-33-0B-5C-FF,Suspendisse potenti. In eleifend quam a odio.,Pellentesque at nulla. Suspendisse potenti.
261,61,TRUWT28N731810775,Premium,Hybrid,Active,2016/11/26,2017/02/05,E3-40-44-CF-B7-BC,Integer a nibh.,Nunc nisl.
262,62,SAJWA1CB1CL370906,Standard,Residential,Active,2017/11/02,2016/03/06,6F-AB-2F-08-E2-5D,Duis consequat dui nec nisi volutpat eleifend.,"Proin leo odio, porttitor id, consequat in, consequat ut, nulla. Sed accumsan felis."
263,63,SALCR2BGXFH434678,Standard,Corporate,Active,2018/08/27,2018/09/29,E9-B2-A0-63-BE-DA,Morbi a ipsum. Integer a nibh. In quis justo.,Sed vel enim sit amet nunc viverra dapibus. Nulla suscipit ligula in lacus. Curabitur at ipsum ac tellus semper interdum.
264,64,TRUTC28N951639744,Premium,Residential,Active,2017/11/29,2018/10/10,9C-30-29-ED-1D-36,"Aliquam sit amet diam in magna bibendum imperdiet. Nullam orci pede, venenatis non, sodales sed, tincidunt eu, felis. Fusce posuere felis sed lacus.","Cras pellentesque volutpat dui. Maecenas tristique, est et tempus semper, est quam pharetra magna, ac consequat metus sapien ut nunc. Vestibulum ante ipsum primis in faucibus orci luctus et ultrices posuere cubilia Curae; Mauris viverra diam vitae quam."
265,65,1D7RE3GK2BS082991,Excelium,Corporate,Active,2017/08/19,2019/01/14,02-D7-8D-94-EC-3D,"Lorem ipsum dolor sit amet, consectetuer adipiscing elit. Proin interdum mauris non ligula pellentesque ultrices.","Cras in purus eu magna vulputate luctus. Cum sociis natoque penatibus et magnis dis parturient montes, nascetur ridiculus mus. Vivamus vestibulum sagittis sapien."
266,66,1N4AL2APXBC437689,Standard,Residential,Active,2018/02/04,2017/06/19,82-25-95-F0-84-44,Praesent id massa id nisl venenatis lacinia. Aenean sit amet justo. Morbi ut odio.,Curabitur gravida nisi at nibh.
267,67,WDDGF4HB3DF286493,Premium,Residential,Active,2017/10/04,2017/02/21,D5-D7-A1-1E-23-2C,Ut at dolor quis odio consequat varius.,"Donec ut mauris eget massa tempor convallis. Nulla neque libero, convallis eget, eleifend luctus, ultricies eu, nibh. Quisque id justo sit amet sapien dignissim vestibulum."
268,68,WBA3A5C58EP371515,Standard,Corporate,Active,2017/04/28,2019/01/13,52-B6-81-F7-53-AF,Duis aliquam convallis nunc. Proin at turpis a pede posuere nonummy.,"Vestibulum quam sapien, varius ut, blandit non, interdum in, ante."
